{
  "accuracy": 0.7782,
  "precision_weighted": 0.7885755941621058,
  "recall_weighted": 0.7782,
  "f1_weighted": 0.7723141635046125,
  "model_used": "models/cifar10_model_latest.keras",
  "timestamp": "2025-11-24T19:41:18.871836"
}